"Institute","Academic Program Name","Quota","Seat Type","Gender","Opening Rank","Closing Rank"
"Atal Bihari Vajpayee Indian Institute of Information Technology & Management Gwalior","Computer Science and Engineering (4 Years, Bachelor of Technology)","AI","OPEN","Gender-Neutral","6237","8722"
"Atal Bihari Vajpayee Indian Institute of Information Technology & Management Gwalior","Computer Science and Engineering (4 Years, Bachelor of Technology)","AI","OPEN","Female-only (including Supernumerary)","10468","12477"
"Atal Bihari Vajpayee Indian Institute of Information Technology & Management Gwalior","Computer Science and Engineering (4 Years, Bachelor of Technology)","AI","OPEN (PwD)","Gender-Neutral","397","397"
"Atal Bihari Vajpayee Indian Institute of Information Technology & Management Gwalior","Computer Science and Engineering (4 Years, Bachelor of Technology)","AI","EWS","Gender-Neutral","1327","1692"
"Atal Bihari Vajpayee Indian Institute of Information Technology & Management Gwalior","Computer Science and Engineering (4 Years, Bachelor of Technology)","AI","EWS","Female-only (including Supernumerary)","2206","2206"
"Atal Bihari Vajpayee Indian Institute of Information Technology & Management Gwalior","Computer Science and Engineering (4 Years, Bachelor of Technology)","AI","OBC-NCL","Gender-Neutral","2459","3292"
"Atal Bihari Vajpayee Indian Institute of Information Technology & Management Gwalior","Computer Science and Engineering (4 Years, Bachelor of Technology)","AI","OBC-NCL","Female-only (including Supernumerary)","7412","7824"
"Atal Bihari Vajpayee Indian Institute of Information Technology & Management Gwalior","Computer Science and Engineering (4 Years, Bachelor of Technology)","AI","OBC-NCL (PwD)","Gender-Neutral","226","226"
"Atal Bihari Vajpayee Indian Institute of Information Technology & Management Gwalior","Computer Science and Engineering (4 Years, Bachelor of Technology)","AI","SC","Gender-Neutral","1757","2191"
"Atal Bihari Vajpayee Indian Institute of Information Technology & Management Gwalior","Computer Science and Engineering (4 Years, Bachelor of Technology)","AI","SC","Female-only (including Supernumerary)","4375","4897"
"Atal Bihari Vajpayee Indian Institute of Information Technology & Management Gwalior","Computer Science and Engineering (4 Years, Bachelor of Technology)","AI","ST","Gender-Neutral","1190","1465"
"Atal Bihari Vajpayee Indian Institute of Information Technology & Management Gwalior","Computer Science and Engineering (4 Years, Bachelor of Technology)","AI","ST","Female-only (including Supernumerary)","2528","2528"
"Atal Bihari Vajpayee Indian Institute of Information Technology & Management Gwalior","Integrated B. Tech.(IT) and M. Tech (IT) (5 Years, Integrated B. Tech. and M. Tech. /MBA)","AI","OPEN","Gender-Neutral","9118","13461"
"Atal Bihari Vajpayee Indian Institute of Information Technology & Management Gwalior","Integrated B. Tech.(IT) and M. Tech (IT) (5 Years, Integrated B. Tech. and M. Tech. /MBA)","AI","OPEN","Female-only (including Supernumerary)","15153","22247"
"Atal Bihari Vajpayee Indian Institute of Information Technology & Management Gwalior","Integrated B. Tech.(IT) and M. Tech (IT) (5 Years, Integrated B. Tech. and M. Tech. /MBA)","AI","OPEN (PwD)","Gender-Neutral","412","412"
"Atal Bihari Vajpayee Indian Institute of Information Technology & Management Gwalior","Integrated B. Tech.(IT) and M. Tech (IT) (5 Years, Integrated B. Tech. and M. Tech. /MBA)","AI","EWS","Gender-Neutral","2116","2440"
"Atal Bihari Vajpayee Indian Institute of Information Technology & Management Gwalior","Integrated B. Tech.(IT) and M. Tech (IT) (5 Years, Integrated B. Tech. and M. Tech. /MBA)","AI","EWS","Female-only (including Supernumerary)","4370","5467"
"Atal Bihari Vajpayee Indian Institute of Information Technology & Management Gwalior","Integrated B. Tech.(IT) and M. Tech (IT) (5 Years, Integrated B. Tech. and M. Tech. /MBA)","AI","EWS (PwD)","Gender-Neutral","205","205"
"Atal Bihari Vajpayee Indian Institute of Information Technology & Management Gwalior","Integrated B. Tech.(IT) and M. Tech (IT) (5 Years, Integrated B. Tech. and M. Tech. /MBA)","AI","OBC-NCL","Gender-Neutral","3692","5251"
"Atal Bihari Vajpayee Indian Institute of Information Technology & Management Gwalior","Integrated B. Tech.(IT) and M. Tech (IT) (5 Years, Integrated B. Tech. and M. Tech. /MBA)","AI","OBC-NCL","Female-only (including Supernumerary)","9003","12366"
"Atal Bihari Vajpayee Indian Institute of Information Technology & Management Gwalior","Integrated B. Tech.(IT) and M. Tech (IT) (5 Years, Integrated B. Tech. and M. Tech. /MBA)","AI","OBC-NCL (PwD)","Gender-Neutral","557","557"
"Atal Bihari Vajpayee Indian Institute of Information Technology & Management Gwalior","Integrated B. Tech.(IT) and M. Tech (IT) (5 Years, Integrated B. Tech. and M. Tech. /MBA)","AI","SC","Gender-Neutral","2246","3224"
"Atal Bihari Vajpayee Indian Institute of Information Technology & Management Gwalior","Integrated B. Tech.(IT) and M. Tech (IT) (5 Years, Integrated B. Tech. and M. Tech. /MBA)","AI","SC","Female-only (including Supernumerary)","5110","6918"
"Atal Bihari Vajpayee Indian Institute of Information Technology & Management Gwalior","Integrated B. Tech.(IT) and M. Tech (IT) (5 Years, Integrated B. Tech. and M. Tech. /MBA)","AI","ST","Gender-Neutral","1684","2775"
"Atal Bihari Vajpayee Indian Institute of Information Technology & Management Gwalior","Integrated B. Tech.(IT) and M. Tech (IT) (5 Years, Integrated B. Tech. and M. Tech. /MBA)","AI","ST","Female-only (including Supernumerary)","2757","2757"
"Atal Bihari Vajpayee Indian Institute of Information Technology & Management Gwalior","Integrated B. Tech.(IT) and MBA (5 Years, Integrated B. Tech. and M. Tech. /MBA)","AI","OPEN","Gender-Neutral","12226","18264"
"Atal Bihari Vajpayee Indian Institute of Information Technology & Management Gwalior","Integrated B. Tech.(IT) and MBA (5 Years, Integrated B. Tech. and M. Tech. /MBA)","AI","OPEN","Female-only (including Supernumerary)","23650","27777"
"Atal Bihari Vajpayee Indian Institute of Information Technology & Management Gwalior","Integrated B. Tech.(IT) and MBA (5 Years, Integrated B. Tech. and M. Tech. /MBA)","AI","OPEN (PwD)","Gender-Neutral","1147","1147"
"Atal Bihari Vajpayee Indian Institute of Information Technology & Management Gwalior","Integrated B. Tech.(IT) and MBA (5 Years, Integrated B. Tech. and M. Tech. /MBA)","AI","EWS","Gender-Neutral","3012","3743"
"Atal Bihari Vajpayee Indian Institute of Information Technology & Management Gwalior","Integrated B. Tech.(IT) and MBA (5 Years, Integrated B. Tech. and M. Tech. /MBA)","AI","EWS","Female-only (including Supernumerary)","6389","6389"
"Atal Bihari Vajpayee Indian Institute of Information Technology & Management Gwalior","Integrated B. Tech.(IT) and MBA (5 Years, Integrated B. Tech. and M. Tech. /MBA)","AI","OBC-NCL","Gender-Neutral","5363","7017"
"Atal Bihari Vajpayee Indian Institute of Information Technology & Management Gwalior","Integrated B. Tech.(IT) and MBA (5 Years, Integrated B. Tech. and M. Tech. /MBA)","AI","OBC-NCL","Female-only (including Supernumerary)","10819","15945"
"Atal Bihari Vajpayee Indian Institute of Information Technology & Management Gwalior","Integrated B. Tech.(IT) and MBA (5 Years, Integrated B. Tech. and M. Tech. /MBA)","AI","SC","Gender-Neutral","3620","4687"
"Atal Bihari Vajpayee Indian Institute of Information Technology & Management Gwalior","Integrated B. Tech.(IT) and MBA (5 Years, Integrated B. Tech. and M. Tech. /MBA)","AI","SC","Female-only (including Supernumerary)","8462","9740"
"Atal Bihari Vajpayee Indian Institute of Information Technology & Management Gwalior","Integrated B. Tech.(IT) and MBA (5 Years, Integrated B. Tech. and M. Tech. /MBA)","AI","ST","Gender-Neutral","1660","3122"
"Atal Bihari Vajpayee Indian Institute of Information Technology & Management Gwalior","Integrated B. Tech.(IT) and MBA (5 Years, Integrated B. Tech. and M. Tech. /MBA)","AI","ST","Female-only (including Supernumerary)","3586","3586"
"Indian Institute of Information Technology (IIIT)Kota, Rajasthan","Computer Science and Engineering (4 Years, Bachelor of Technology)","AI","OPEN","Gender-Neutral","11315","22320"
"Indian Institute of Information Technology (IIIT)Kota, Rajasthan","Computer Science and Engineering (4 Years, Bachelor of Technology)","AI","OPEN (PwD)","Gender-Neutral","1176","1528"
"Indian Institute of Information Technology (IIIT)Kota, Rajasthan","Computer Science and Engineering (4 Years, Bachelor of Technology)","AI","EWS","Gender-Neutral","3765","4233"
"Indian Institute of Information Technology (IIIT)Kota, Rajasthan","Computer Science and Engineering (4 Years, Bachelor of Technology)","AI","OBC-NCL","Gender-Neutral","6113","10000"
"Indian Institute of Information Technology (IIIT)Kota, Rajasthan","Computer Science and Engineering (4 Years, Bachelor of Technology)","AI","SC","Gender-Neutral","4215","7250"
"Indian Institute of Information Technology (IIIT)Kota, Rajasthan","Computer Science and Engineering (4 Years, Bachelor of Technology)","AI","ST","Gender-Neutral","1626","3562"
"Indian Institute of Information Technology (IIIT)Kota, Rajasthan","Electronics and Communication Engineering (4 Years, Bachelor of Technology)","AI","OPEN","Gender-Neutral","24597","29813"
"Indian Institute of Information Technology (IIIT)Kota, Rajasthan","Electronics and Communication Engineering (4 Years, Bachelor of Technology)","AI","OPEN (PwD)","Gender-Neutral","1883","1883"
"Indian Institute of Information Technology (IIIT)Kota, Rajasthan","Electronics and Communication Engineering (4 Years, Bachelor of Technology)","AI","EWS","Gender-Neutral","5020","5583"
"Indian Institute of Information Technology (IIIT)Kota, Rajasthan","Electronics and Communication Engineering (4 Years, Bachelor of Technology)","AI","OBC-NCL","Gender-Neutral","10035","13230"
"Indian Institute of Information Technology (IIIT)Kota, Rajasthan","Electronics and Communication Engineering (4 Years, Bachelor of Technology)","AI","SC","Gender-Neutral","7431","9063"
"Indian Institute of Information Technology (IIIT)Kota, Rajasthan","Electronics and Communication Engineering (4 Years, Bachelor of Technology)","AI","ST","Gender-Neutral","3299","4962"
"Indian Institute of Information Technology Guwahati","Computer Science and Engineering (4 Years, Bachelor of Technology)","AI","OPEN","Gender-Neutral","4996","21096"
"Indian Institute of Information Technology Guwahati","Computer Science and Engineering (4 Years, Bachelor of Technology)","AI","OPEN","Female-only (including Supernumerary)","16048","27690"
"Indian Institute of Information Technology Guwahati","Computer Science and Engineering (4 Years, Bachelor of Technology)","AI","OPEN (PwD)","Gender-Neutral","756","991"
"Indian Institute of Information Technology Guwahati","Computer Science and Engineering (4 Years, Bachelor of Technology)","AI","OBC-NCL","Gender-Neutral","4868","7936"
"Indian Institute of Information Technology Guwahati","Computer Science and Engineering (4 Years, Bachelor of Technology)","AI","OBC-NCL","Female-only (including Supernumerary)","8190","15942"
"Indian Institute of Information Technology Guwahati","Computer Science and Engineering (4 Years, Bachelor of Technology)","AI","SC","Gender-Neutral","1159","6279"
"Indian Institute of Information Technology Guwahati","Computer Science and Engineering (4 Years, Bachelor of Technology)","AI","SC","Female-only (including Supernumerary)","7170","9414"
"Indian Institute of Information Technology Guwahati","Computer Science and Engineering (4 Years, Bachelor of Technology)","AI","ST","Gender-Neutral","1515","3333"
"Indian Institute of Information Technology Guwahati","Computer Science and Engineering (4 Years, Bachelor of Technology)","AI","ST","Female-only (including Supernumerary)","2099","3288"
"Indian Institute of Information Technology Guwahati","Electronics and Communication Engineering (4 Years, Bachelor of Technology)","AI","OPEN","Gender-Neutral","22515","30601"
"Indian Institute of Information Technology Guwahati","Electronics and Communication Engineering (4 Years, Bachelor of Technology)","AI","OPEN","Female-only (including Supernumerary)","30964","33596"
"Indian Institute of Information Technology Guwahati","Electronics and Communication Engineering (4 Years, Bachelor of Technology)","AI","OBC-NCL","Gender-Neutral","8551","12019"
"Indian Institute of Information Technology Guwahati","Electronics and Communication Engineering (4 Years, Bachelor of Technology)","AI","OBC-NCL","Female-only (including Supernumerary)","16081","17259"
"Indian Institute of Information Technology Guwahati","Electronics and Communication Engineering (4 Years, Bachelor of Technology)","AI","SC","Gender-Neutral","2639","8369"
"Indian Institute of Information Technology Guwahati","Electronics and Communication Engineering (4 Years, Bachelor of Technology)","AI","SC","Female-only (including Supernumerary)","10568","10708"
"Indian Institute of Information Technology Guwahati","Electronics and Communication Engineering (4 Years, Bachelor of Technology)","AI","ST","Gender-Neutral","3441","3652"
"Indian Institute of Information Technology Guwahati","Electronics and Communication Engineering (4 Years, Bachelor of Technology)","AI","ST","Female-only (including Supernumerary)","5414","5414"
"Indian Institute of Information Technology(IIIT) Kalyani, West Bengal","Computer Science and Engineering (4 Years, Bachelor of Technology)","AI","OPEN","Gender-Neutral","10559","36362"
"Indian Institute of Information Technology(IIIT) Kalyani, West Bengal","Computer Science and Engineering (4 Years, Bachelor of Technology)","AI","OPEN (PwD)","Gender-Neutral","1297","1693"
"Indian Institute of Information Technology(IIIT) Kalyani, West Bengal","Computer Science and Engineering (4 Years, Bachelor of Technology)","AI","EWS","Gender-Neutral","6045","6435"
"Indian Institute of Information Technology(IIIT) Kalyani, West Bengal","Computer Science and Engineering (4 Years, Bachelor of Technology)","AI","OBC-NCL","Gender-Neutral","10043","14063"
"Indian Institute of Information Technology(IIIT) Kalyani, West Bengal","Computer Science and Engineering (4 Years, Bachelor of Technology)","AI","SC","Gender-Neutral","4282","8988"
"Indian Institute of Information Technology(IIIT) Kalyani, West Bengal","Computer Science and Engineering (4 Years, Bachelor of Technology)","AI","ST","Gender-Neutral","3405","4431"
"Indian Institute of Information Technology(IIIT) Kilohrad, Sonepat, Haryana","Computer Science and Engineering (4 Years, Bachelor of Technology)","AI","OPEN","Gender-Neutral","9711","17628"
"Indian Institute of Information Technology(IIIT) Kilohrad, Sonepat, Haryana","Computer Science and Engineering (4 Years, Bachelor of Technology)","AI","EWS","Gender-Neutral","2900","3293"
"Indian Institute of Information Technology(IIIT) Kilohrad, Sonepat, Haryana","Computer Science and Engineering (4 Years, Bachelor of Technology)","AI","OBC-NCL","Gender-Neutral","5126","8053"
"Indian Institute of Information Technology(IIIT) Kilohrad, Sonepat, Haryana","Computer Science and Engineering (4 Years, Bachelor of Technology)","AI","OBC-NCL (PwD)","Gender-Neutral","624","624"
"Indian Institute of Information Technology(IIIT) Kilohrad, Sonepat, Haryana","Computer Science and Engineering (4 Years, Bachelor of Technology)","AI","SC","Gender-Neutral","2011","5650"
"Indian Institute of Information Technology(IIIT) Kilohrad, Sonepat, Haryana","Computer Science and Engineering (4 Years, Bachelor of Technology)","AI","ST","Gender-Neutral","2847","3732"
"Indian Institute of Information Technology(IIIT) Kilohrad, Sonepat, Haryana","Information Technology (4 Years, Bachelor of Technology)","AI","OPEN","Gender-Neutral","17675","22358"
"Indian Institute of Information Technology(IIIT) Kilohrad, Sonepat, Haryana","Information Technology (4 Years, Bachelor of Technology)","AI","OPEN (PwD)","Gender-Neutral","2186","2186"
"Indian Institute of Information Technology(IIIT) Kilohrad, Sonepat, Haryana","Information Technology (4 Years, Bachelor of Technology)","AI","EWS","Gender-Neutral","3589","3953"
"Indian Institute of Information Technology(IIIT) Kilohrad, Sonepat, Haryana","Information Technology (4 Years, Bachelor of Technology)","AI","OBC-NCL","Gender-Neutral","6153","10064"
"Indian Institute of Information Technology(IIIT) Kilohrad, Sonepat, Haryana","Information Technology (4 Years, Bachelor of Technology)","AI","SC","Gender-Neutral","5651","7106"
"Indian Institute of Information Technology(IIIT) Kilohrad, Sonepat, Haryana","Information Technology (4 Years, Bachelor of Technology)","AI","ST","Gender-Neutral","3846","4795"
"Indian Institute of Information Technology(IIIT) Una, Himachal Pradesh","Computer Science and Engineering (4 Years, Bachelor of Technology)","AI","OPEN","Gender-Neutral","22660","30776"
"Indian Institute of Information Technology(IIIT) Una, Himachal Pradesh","Computer Science and Engineering (4 Years, Bachelor of Technology)","AI","OPEN (PwD)","Gender-Neutral","943","943"
"Indian Institute of Information Technology(IIIT) Una, Himachal Pradesh","Computer Science and Engineering (4 Years, Bachelor of Technology)","AI","EWS","Gender-Neutral","5065","6172"
"Indian Institute of Information Technology(IIIT) Una, Himachal Pradesh","Computer Science and Engineering (4 Years, Bachelor of Technology)","AI","OBC-NCL","Gender-Neutral","9013","12513"
"Indian Institute of Information Technology(IIIT) Una, Himachal Pradesh","Computer Science and Engineering (4 Years, Bachelor of Technology)","AI","SC","Gender-Neutral","6961","9208"
"Indian Institute of Information Technology(IIIT) Una, Himachal Pradesh","Computer Science and Engineering (4 Years, Bachelor of Technology)","AI","ST","Gender-Neutral","3718","4799"
"Indian Institute of Information Technology(IIIT) Una, Himachal Pradesh","Electronics and Communication Engineering (4 Years, Bachelor of Technology)","AI","OPEN","Gender-Neutral","36185","41291"
"Indian Institute of Information Technology(IIIT) Una, Himachal Pradesh","Electronics and Communication Engineering (4 Years, Bachelor of Technology)","AI","EWS","Gender-Neutral","6889","7114"
"Indian Institute of Information Technology(IIIT) Una, Himachal Pradesh","Electronics and Communication Engineering (4 Years, Bachelor of Technology)","AI","OBC-NCL","Gender-Neutral","14413","15738"
"Indian Institute of Information Technology(IIIT) Una, Himachal Pradesh","Electronics and Communication Engineering (4 Years, Bachelor of Technology)","AI","SC","Gender-Neutral","8233","10382"
"Indian Institute of Information Technology(IIIT) Una, Himachal Pradesh","Electronics and Communication Engineering (4 Years, Bachelor of Technology)","AI","ST","Gender-Neutral","4221","5872"
"Indian Institute of Information Technology(IIIT) Una, Himachal Pradesh","Information Technology (4 Years, Bachelor of Technology)","AI","OPEN","Gender-Neutral","30839","35683"
"Indian Institute of Information Technology(IIIT) Una, Himachal Pradesh","Information Technology (4 Years, Bachelor of Technology)","AI","EWS","Gender-Neutral","6217","6451"
"Indian Institute of Information Technology(IIIT) Una, Himachal Pradesh","Information Technology (4 Years, Bachelor of Technology)","AI","OBC-NCL","Gender-Neutral","12545","14661"
"Indian Institute of Information Technology(IIIT) Una, Himachal Pradesh","Information Technology (4 Years, Bachelor of Technology)","AI","SC","Gender-Neutral","7112","9967"
"Indian Institute of Information Technology(IIIT) Una, Himachal Pradesh","Information Technology (4 Years, Bachelor of Technology)","AI","ST","Gender-Neutral","3716","5621"
"Indian Institute of Information Technology (IIIT), Sri City, Chittoor","Computer Science and Engineering (4 Years, Bachelor of Technology)","AI","OPEN","Gender-Neutral","14201","28394"
"Indian Institute of Information Technology (IIIT), Sri City, Chittoor","Computer Science and Engineering (4 Years, Bachelor of Technology)","AI","OPEN (PwD)","Gender-Neutral","947","2461"
"Indian Institute of Information Technology (IIIT), Sri City, Chittoor","Computer Science and Engineering (4 Years, Bachelor of Technology)","AI","EWS","Gender-Neutral","4740","5687"
"Indian Institute of Information Technology (IIIT), Sri City, Chittoor","Computer Science and Engineering (4 Years, Bachelor of Technology)","AI","OBC-NCL","Gender-Neutral","7477","11360"
"Indian Institute of Information Technology (IIIT), Sri City, Chittoor","Computer Science and Engineering (4 Years, Bachelor of Technology)","AI","SC","Gender-Neutral","1274","8889"
"Indian Institute of Information Technology (IIIT), Sri City, Chittoor","Computer Science and Engineering (4 Years, Bachelor of Technology)","AI","ST","Gender-Neutral","1969","4363"
"Indian Institute of Information Technology (IIIT), Sri City, Chittoor","Electronics and Communication Engineering (4 Years, Bachelor of Technology)","AI","OPEN","Gender-Neutral","27789","35758"
"Indian Institute of Information Technology (IIIT), Sri City, Chittoor","Electronics and Communication Engineering (4 Years, Bachelor of Technology)","AI","OPEN (PwD)","Gender-Neutral","2647","2971"
"Indian Institute of Information Technology (IIIT), Sri City, Chittoor","Electronics and Communication Engineering (4 Years, Bachelor of Technology)","AI","EWS","Gender-Neutral","5892","6551"
"Indian Institute of Information Technology (IIIT), Sri City, Chittoor","Electronics and Communication Engineering (4 Years, Bachelor of Technology)","AI","OBC-NCL","Gender-Neutral","11301","13960"
"Indian Institute of Information Technology (IIIT), Sri City, Chittoor","Electronics and Communication Engineering (4 Years, Bachelor of Technology)","AI","SC","Gender-Neutral","7285","9746"
"Indian Institute of Information Technology (IIIT), Sri City, Chittoor","Electronics and Communication Engineering (4 Years, Bachelor of Technology)","AI","ST","Gender-Neutral","3621","4775"
"Indian Institute of Information Technology(IIIT), Vadodara, Gujrat","Computer Science and Engineering (4 Years, Bachelor of Technology)","AI","OPEN","Gender-Neutral","10073","21250"
"Indian Institute of Information Technology(IIIT), Vadodara, Gujrat","Computer Science and Engineering (4 Years, Bachelor of Technology)","AI","OPEN","Female-only (including Supernumerary)","17903","23465"
"Indian Institute of Information Technology(IIIT), Vadodara, Gujrat","Computer Science and Engineering (4 Years, Bachelor of Technology)","AI","OPEN (PwD)","Gender-Neutral","1073","1727"
"Indian Institute of Information Technology(IIIT), Vadodara, Gujrat","Computer Science and Engineering (4 Years, Bachelor of Technology)","AI","EWS","Gender-Neutral","3454","3938"
"Indian Institute of Information Technology(IIIT), Vadodara, Gujrat","Computer Science and Engineering (4 Years, Bachelor of Technology)","AI","EWS","Female-only (including Supernumerary)","4217","5639"
"Indian Institute of Information Technology(IIIT), Vadodara, Gujrat","Computer Science and Engineering (4 Years, Bachelor of Technology)","AI","EWS (PwD)","Gender-Neutral","260","260"
"Indian Institute of Information Technology(IIIT), Vadodara, Gujrat","Computer Science and Engineering (4 Years, Bachelor of Technology)","AI","OBC-NCL","Gender-Neutral","5598","8841"
"Indian Institute of Information Technology(IIIT), Vadodara, Gujrat","Computer Science and Engineering (4 Years, Bachelor of Technology)","AI","OBC-NCL","Female-only (including Supernumerary)","9700","12535"
"Indian Institute of Information Technology(IIIT), Vadodara, Gujrat","Computer Science and Engineering (4 Years, Bachelor of Technology)","AI","OBC-NCL (PwD)","Gender-Neutral","995","1291"
"Indian Institute of Information Technology(IIIT), Vadodara, Gujrat","Computer Science and Engineering (4 Years, Bachelor of Technology)","AI","SC","Gender-Neutral","3274","6905"
"Indian Institute of Information Technology(IIIT), Vadodara, Gujrat","Computer Science and Engineering (4 Years, Bachelor of Technology)","AI","SC","Female-only (including Supernumerary)","6082","7313"
"Indian Institute of Information Technology(IIIT), Vadodara, Gujrat","Computer Science and Engineering (4 Years, Bachelor of Technology)","AI","ST","Gender-Neutral","1559","3605"
"Indian Institute of Information Technology(IIIT), Vadodara, Gujrat","Computer Science and Engineering (4 Years, Bachelor of Technology)","AI","ST","Female-only (including Supernumerary)","1547","1547"
"Indian Institute of Information Technology(IIIT), Vadodara, Gujrat","Information Technology (4 Years, Bachelor of Technology)","AI","OPEN","Gender-Neutral","17438","23610"
"Indian Institute of Information Technology(IIIT), Vadodara, Gujrat","Information Technology (4 Years, Bachelor of Technology)","AI","OPEN","Female-only (including Supernumerary)","23976","25140"
"Indian Institute of Information Technology(IIIT), Vadodara, Gujrat","Information Technology (4 Years, Bachelor of Technology)","AI","OPEN (PwD)","Gender-Neutral","1840","1840"
"Indian Institute of Information Technology(IIIT), Vadodara, Gujrat","Information Technology (4 Years, Bachelor of Technology)","AI","EWS","Gender-Neutral","4112","4242"
"Indian Institute of Information Technology(IIIT), Vadodara, Gujrat","Information Technology (4 Years, Bachelor of Technology)","AI","EWS","Female-only (including Supernumerary)","5937","5937"
"Indian Institute of Information Technology(IIIT), Vadodara, Gujrat","Information Technology (4 Years, Bachelor of Technology)","AI","OBC-NCL","Gender-Neutral","7339","10139"
"Indian Institute of Information Technology(IIIT), Vadodara, Gujrat","Information Technology (4 Years, Bachelor of Technology)","AI","OBC-NCL","Female-only (including Supernumerary)","12697","12697"
"Indian Institute of Information Technology(IIIT), Vadodara, Gujrat","Information Technology (4 Years, Bachelor of Technology)","AI","SC","Gender-Neutral","4742","7358"
"Indian Institute of Information Technology(IIIT), Vadodara, Gujrat","Information Technology (4 Years, Bachelor of Technology)","AI","ST","Gender-Neutral","3689","3797"
"Indian Institute of Information Technology(IIIT), Vadodara, Gujrat","Information Technology (4 Years, Bachelor of Technology)","AI","ST","Female-only (including Supernumerary)","5339","5339"
"Indian Institute of Information Technology, Allahabad","Electronics and Communication Engineering (4 Years, Bachelor of Technology)","AI","OPEN","Gender-Neutral","5353","9250"
"Indian Institute of Information Technology, Allahabad","Electronics and Communication Engineering (4 Years, Bachelor of Technology)","AI","OPEN","Female-only (including Supernumerary)","11631","15696"
"Indian Institute of Information Technology, Allahabad","Electronics and Communication Engineering (4 Years, Bachelor of Technology)","AI","OPEN (PwD)","Gender-Neutral","498","637"
"Indian Institute of Information Technology, Allahabad","Electronics and Communication Engineering (4 Years, Bachelor of Technology)","AI","OPEN (PwD)","Female-only (including Supernumerary)","971","971"
"Indian Institute of Information Technology, Allahabad","Electronics and Communication Engineering (4 Years, Bachelor of Technology)","AI","EWS","Gender-Neutral","1493","1820"
"Indian Institute of Information Technology, Allahabad","Electronics and Communication Engineering (4 Years, Bachelor of Technology)","AI","EWS","Female-only (including Supernumerary)","2931","3271"
"Indian Institute of Information Technology, Allahabad","Electronics and Communication Engineering (4 Years, Bachelor of Technology)","AI","EWS (PwD)","Gender-Neutral","152","152"
"Indian Institute of Information Technology, Allahabad","Electronics and Communication Engineering (4 Years, Bachelor of Technology)","AI","OBC-NCL","Gender-Neutral","2688","3802"
"Indian Institute of Information Technology, Allahabad","Electronics and Communication Engineering (4 Years, Bachelor of Technology)","AI","OBC-NCL","Female-only (including Supernumerary)","6832","9294"
"Indian Institute of Information Technology, Allahabad","Electronics and Communication Engineering (4 Years, Bachelor of Technology)","AI","OBC-NCL (PwD)","Gender-Neutral","317","317"
"Indian Institute of Information Technology, Allahabad","Electronics and Communication Engineering (4 Years, Bachelor of Technology)","AI","SC","Gender-Neutral","1837","2786"
"Indian Institute of Information Technology, Allahabad","Electronics and Communication Engineering (4 Years, Bachelor of Technology)","AI","SC","Female-only (including Supernumerary)","4137","5358"
"Indian Institute of Information Technology, Allahabad","Electronics and Communication Engineering (4 Years, Bachelor of Technology)","AI","ST","Gender-Neutral","1084","1472"
"Indian Institute of Information Technology, Allahabad","Electronics and Communication Engineering (4 Years, Bachelor of Technology)","AI","ST","Female-only (including Supernumerary)","1927","2121"
"Indian Institute of Information Technology, Allahabad","Information Technology (4 Years, Bachelor of Technology)","AI","OPEN","Gender-Neutral","1675","4960"
"Indian Institute of Information Technology, Allahabad","Information Technology (4 Years, Bachelor of Technology)","AI","OPEN","Female-only (including Supernumerary)","3476","10629"
"Indian Institute of Information Technology, Allahabad","Information Technology (4 Years, Bachelor of Technology)","AI","OPEN (PwD)","Gender-Neutral","357","368"
"Indian Institute of Information Technology, Allahabad","Information Technology (4 Years, Bachelor of Technology)","AI","OPEN (PwD)","Female-only (including Supernumerary)","189","189"
"Indian Institute of Information Technology, Allahabad","Information Technology (4 Years, Bachelor of Technology)","AI","EWS","Gender-Neutral","737","1013"
"Indian Institute of Information Technology, Allahabad","Information Technology (4 Years, Bachelor of Technology)","AI","EWS","Female-only (including Supernumerary)","1738","1905"
"Indian Institute of Information Technology, Allahabad","Information Technology (4 Years, Bachelor of Technology)","AI","EWS (PwD)","Gender-Neutral","60","60"
"Indian Institute of Information Technology, Allahabad","Information Technology (4 Years, Bachelor of Technology)","AI","OBC-NCL","Gender-Neutral","887","2356"
"Indian Institute of Information Technology, Allahabad","Information Technology (4 Years, Bachelor of Technology)","AI","OBC-NCL","Female-only (including Supernumerary)","3106","6530"
"Indian Institute of Information Technology, Allahabad","Information Technology (4 Years, Bachelor of Technology)","AI","OBC-NCL (PwD)","Gender-Neutral","147","193"
"Indian Institute of Information Technology, Allahabad","Information Technology (4 Years, Bachelor of Technology)","AI","OBC-NCL (PwD)","Female-only (including Supernumerary)","550","550"
"Indian Institute of Information Technology, Allahabad","Information Technology (4 Years, Bachelor of Technology)","AI","SC","Gender-Neutral","334","1564"
"Indian Institute of Information Technology, Allahabad","Information Technology (4 Years, Bachelor of Technology)","AI","SC","Female-only (including Supernumerary)","1332","4171"
"Indian Institute of Information Technology, Allahabad","Information Technology (4 Years, Bachelor of Technology)","AI","SC (PwD)","Gender-Neutral","83","128"
"Indian Institute of Information Technology, Allahabad","Information Technology (4 Years, Bachelor of Technology)","AI","ST","Gender-Neutral","442","977"
"Indian Institute of Information Technology, Allahabad","Information Technology (4 Years, Bachelor of Technology)","AI","ST","Female-only (including Supernumerary)","1522","2470"
"Indian Institute of Information Technology, Allahabad","Information Technology-Business Informatics (4 Years, Bachelor of Technology)","AI","OPEN","Gender-Neutral","4589","5537"
"Indian Institute of Information Technology, Allahabad","Information Technology-Business Informatics (4 Years, Bachelor of Technology)","AI","OPEN","Female-only (including Supernumerary)","10571","11400"
"Indian Institute of Information Technology, Allahabad","Information Technology-Business Informatics (4 Years, Bachelor of Technology)","AI","OPEN (PwD)","Gender-Neutral","292","292"
"Indian Institute of Information Technology, Allahabad","Information Technology-Business Informatics (4 Years, Bachelor of Technology)","AI","EWS","Gender-Neutral","1082","1132"
"Indian Institute of Information Technology, Allahabad","Information Technology-Business Informatics (4 Years, Bachelor of Technology)","AI","EWS","Female-only (including Supernumerary)","2329","2329"
"Indian Institute of Information Technology, Allahabad","Information Technology-Business Informatics (4 Years, Bachelor of Technology)","AI","OBC-NCL","Gender-Neutral","2216","2629"
"Indian Institute of Information Technology, Allahabad","Information Technology-Business Informatics (4 Years, Bachelor of Technology)","AI","OBC-NCL","Female-only (including Supernumerary)","3460","6568"
"Indian Institute of Information Technology, Allahabad","Information Technology-Business Informatics (4 Years, Bachelor of Technology)","AI","OBC-NCL (PwD)","Gender-Neutral","234","234"
"Indian Institute of Information Technology, Allahabad","Information Technology-Business Informatics (4 Years, Bachelor of Technology)","AI","SC","Gender-Neutral","1604","1773"
"Indian Institute of Information Technology, Allahabad","Information Technology-Business Informatics (4 Years, Bachelor of Technology)","AI","SC","Female-only (including Supernumerary)","3014","3014"
"Indian Institute of Information Technology, Allahabad","Information Technology-Business Informatics (4 Years, Bachelor of Technology)","AI","ST","Gender-Neutral","1048","1108"
"Indian Institute of Information Technology, Allahabad","Information Technology-Business Informatics (4 Years, Bachelor of Technology)","AI","ST","Female-only (including Supernumerary)","1881","1881"
"Indian Institute of Information Technology, Design & Manufacturing, Kancheepuram","Computer Science and Engineering (4 Years, Bachelor of Technology)","AI","OPEN","Gender-Neutral","8686","17414"
"Indian Institute of Information Technology, Design & Manufacturing, Kancheepuram","Computer Science and Engineering (4 Years, Bachelor of Technology)","AI","OPEN (PwD)","Gender-Neutral","1007","1121"
"Indian Institute of Information Technology, Design & Manufacturing, Kancheepuram","Computer Science and Engineering (4 Years, Bachelor of Technology)","AI","EWS","Gender-Neutral","2779","3207"
"Indian Institute of Information Technology, Design & Manufacturing, Kancheepuram","Computer Science and Engineering (4 Years, Bachelor of Technology)","AI","EWS (PwD)","Gender-Neutral","140","140"
"Indian Institute of Information Technology, Design & Manufacturing, Kancheepuram","Computer Science and Engineering (4 Years, Bachelor of Technology)","AI","OBC-NCL","Gender-Neutral","5020","6794"
"Indian Institute of Information Technology, Design & Manufacturing, Kancheepuram","Computer Science and Engineering (4 Years, Bachelor of Technology)","AI","OBC-NCL (PwD)","Gender-Neutral","812","870"
"Indian Institute of Information Technology, Design & Manufacturing, Kancheepuram","Computer Science and Engineering (4 Years, Bachelor of Technology)","AI","SC","Gender-Neutral","1032","4093"
"Indian Institute of Information Technology, Design & Manufacturing, Kancheepuram","Computer Science and Engineering (4 Years, Bachelor of Technology)","AI","SC (PwD)","Gender-Neutral","142","142"
"Indian Institute of Information Technology, Design & Manufacturing, Kancheepuram","Computer Science and Engineering (4 Years, Bachelor of Technology)","AI","ST","Gender-Neutral","1504","2162"
"Indian Institute of Information Technology, Design & Manufacturing, Kancheepuram","Electronics and Communication Engineering (4 Years, Bachelor of Technology)","AI","OPEN","Gender-Neutral","17465","26675"
"Indian Institute of Information Technology, Design & Manufacturing, Kancheepuram","Electronics and Communication Engineering (4 Years, Bachelor of Technology)","AI","OPEN (PwD)","Gender-Neutral","1764","1875"
"Indian Institute of Information Technology, Design & Manufacturing, Kancheepuram","Electronics and Communication Engineering (4 Years, Bachelor of Technology)","AI","EWS","Gender-Neutral","4450","5271"
"Indian Institute of Information Technology, Design & Manufacturing, Kancheepuram","Electronics and Communication Engineering (4 Years, Bachelor of Technology)","AI","EWS (PwD)","Gender-Neutral","222","222"
"Indian Institute of Information Technology, Design & Manufacturing, Kancheepuram","Electronics and Communication Engineering (4 Years, Bachelor of Technology)","AI","OBC-NCL","Gender-Neutral","7147","10481"
"Indian Institute of Information Technology, Design & Manufacturing, Kancheepuram","Electronics and Communication Engineering (4 Years, Bachelor of Technology)","AI","OBC-NCL (PwD)","Gender-Neutral","886","886"
"Indian Institute of Information Technology, Design & Manufacturing, Kancheepuram","Electronics and Communication Engineering (4 Years, Bachelor of Technology)","AI","SC","Gender-Neutral","4334","6499"
"Indian Institute of Information Technology, Design & Manufacturing, Kancheepuram","Electronics and Communication Engineering (4 Years, Bachelor of Technology)","AI","ST","Gender-Neutral","2419","3067"
"Indian Institute of Information Technology, Design & Manufacturing, Kancheepuram","Mechanical Engineering (4 Years, Bachelor of Technology)","AI","OPEN","Gender-Neutral","22334","39524"
"Indian Institute of Information Technology, Design & Manufacturing, Kancheepuram","Mechanical Engineering (4 Years, Bachelor of Technology)","AI","OPEN (PwD)","Gender-Neutral","1610","1610"
"Indian Institute of Information Technology, Design & Manufacturing, Kancheepuram","Mechanical Engineering (4 Years, Bachelor of Technology)","AI","EWS","Gender-Neutral","6525","6878"
"Indian Institute of Information Technology, Design & Manufacturing, Kancheepuram","Mechanical Engineering (4 Years, Bachelor of Technology)","AI","OBC-NCL","Gender-Neutral","10722","13620"
"Indian Institute of Information Technology, Design & Manufacturing, Kancheepuram","Mechanical Engineering (4 Years, Bachelor of Technology)","AI","OBC-NCL (PwD)","Gender-Neutral","1307","1307"
"Indian Institute of Information Technology, Design & Manufacturing, Kancheepuram","Mechanical Engineering (4 Years, Bachelor of Technology)","AI","SC","Gender-Neutral","5090","6793"
"Indian Institute of Information Technology, Design & Manufacturing, Kancheepuram","Mechanical Engineering (4 Years, Bachelor of Technology)","AI","ST","Gender-Neutral","2016","3208"
"Indian Institute of Information Technology, Design & Manufacturing, Kancheepuram","Smart Manufacturing (4 Years, Bachelor of Technology)","AI","OPEN","Gender-Neutral","24066","43973"
"Indian Institute of Information Technology, Design & Manufacturing, Kancheepuram","Smart Manufacturing (4 Years, Bachelor of Technology)","AI","OPEN (PwD)","Gender-Neutral","1786","1786"
"Indian Institute of Information Technology, Design & Manufacturing, Kancheepuram","Smart Manufacturing (4 Years, Bachelor of Technology)","AI","EWS","Gender-Neutral","7346","8090"
"Indian Institute of Information Technology, Design & Manufacturing, Kancheepuram","Smart Manufacturing (4 Years, Bachelor of Technology)","AI","OBC-NCL","Gender-Neutral","14275","16111"
"Indian Institute of Information Technology, Design & Manufacturing, Kancheepuram","Smart Manufacturing (4 Years, Bachelor of Technology)","AI","SC","Gender-Neutral","7943","9986"
"Indian Institute of Information Technology, Design & Manufacturing, Kancheepuram","Smart Manufacturing (4 Years, Bachelor of Technology)","AI","ST","Gender-Neutral","3306","3867"
"Pt. Dwarka Prasad Mishra Indian Institute of Information Technology, Design & Manufacture Jabalpur","Computer Science and Engineering (4 Years, Bachelor of Technology)","AI","OPEN","Gender-Neutral","8921","15413"
"Pt. Dwarka Prasad Mishra Indian Institute of Information Technology, Design & Manufacture Jabalpur","Computer Science and Engineering (4 Years, Bachelor of Technology)","AI","OPEN","Female-only (including Supernumerary)","16011","22584"
"Pt. Dwarka Prasad Mishra Indian Institute of Information Technology, Design & Manufacture Jabalpur","Computer Science and Engineering (4 Years, Bachelor of Technology)","AI","OPEN (PwD)","Gender-Neutral","489","792"
"Pt. Dwarka Prasad Mishra Indian Institute of Information Technology, Design & Manufacture Jabalpur","Computer Science and Engineering (4 Years, Bachelor of Technology)","AI","OPEN (PwD)","Female-only (including Supernumerary)","1097","1097"
"Pt. Dwarka Prasad Mishra Indian Institute of Information Technology, Design & Manufacture Jabalpur","Computer Science and Engineering (4 Years, Bachelor of Technology)","AI","EWS","Gender-Neutral","2467","2847"
"Pt. Dwarka Prasad Mishra Indian Institute of Information Technology, Design & Manufacture Jabalpur","Computer Science and Engineering (4 Years, Bachelor of Technology)","AI","EWS","Female-only (including Supernumerary)","3900","4610"
"Pt. Dwarka Prasad Mishra Indian Institute of Information Technology, Design & Manufacture Jabalpur","Computer Science and Engineering (4 Years, Bachelor of Technology)","AI","EWS (PwD)","Gender-Neutral","119","119"
"Pt. Dwarka Prasad Mishra Indian Institute of Information Technology, Design & Manufacture Jabalpur","Computer Science and Engineering (4 Years, Bachelor of Technology)","AI","OBC-NCL","Gender-Neutral","3389","5892"
"Pt. Dwarka Prasad Mishra Indian Institute of Information Technology, Design & Manufacture Jabalpur","Computer Science and Engineering (4 Years, Bachelor of Technology)","AI","OBC-NCL","Female-only (including Supernumerary)","6765","11802"
"Pt. Dwarka Prasad Mishra Indian Institute of Information Technology, Design & Manufacture Jabalpur","Computer Science and Engineering (4 Years, Bachelor of Technology)","AI","OBC-NCL (PwD)","Gender-Neutral","366","498"
"Pt. Dwarka Prasad Mishra Indian Institute of Information Technology, Design & Manufacture Jabalpur","Computer Science and Engineering (4 Years, Bachelor of Technology)","AI","OBC-NCL (PwD)","Female-only (including Supernumerary)","1042","1042"
"Pt. Dwarka Prasad Mishra Indian Institute of Information Technology, Design & Manufacture Jabalpur","Computer Science and Engineering (4 Years, Bachelor of Technology)","AI","SC","Gender-Neutral","2647","3816"
"Pt. Dwarka Prasad Mishra Indian Institute of Information Technology, Design & Manufacture Jabalpur","Computer Science and Engineering (4 Years, Bachelor of Technology)","AI","SC","Female-only (including Supernumerary)","5157","6547"
"Pt. Dwarka Prasad Mishra Indian Institute of Information Technology, Design & Manufacture Jabalpur","Computer Science and Engineering (4 Years, Bachelor of Technology)","AI","ST","Gender-Neutral","1488","2359"
"Pt. Dwarka Prasad Mishra Indian Institute of Information Technology, Design & Manufacture Jabalpur","Computer Science and Engineering (4 Years, Bachelor of Technology)","AI","ST","Female-only (including Supernumerary)","2381","2994"
"Pt. Dwarka Prasad Mishra Indian Institute of Information Technology, Design & Manufacture Jabalpur","Computer Science and Engineering (4 Years, Bachelor of Technology)","AI","ST (PwD)","Gender-Neutral","66","66"
"Pt. Dwarka Prasad Mishra Indian Institute of Information Technology, Design & Manufacture Jabalpur","Electronics and Communication Engineering (4 Years, Bachelor of Technology)","AI","OPEN","Gender-Neutral","15742","24558"
"Pt. Dwarka Prasad Mishra Indian Institute of Information Technology, Design & Manufacture Jabalpur","Electronics and Communication Engineering (4 Years, Bachelor of Technology)","AI","OPEN","Female-only (including Supernumerary)","24385","29768"
"Pt. Dwarka Prasad Mishra Indian Institute of Information Technology, Design & Manufacture Jabalpur","Electronics and Communication Engineering (4 Years, Bachelor of Technology)","AI","OPEN (PwD)","Gender-Neutral","1438","1665"
"Pt. Dwarka Prasad Mishra Indian Institute of Information Technology, Design & Manufacture Jabalpur","Electronics and Communication Engineering (4 Years, Bachelor of Technology)","AI","EWS","Gender-Neutral","4141","4606"
"Pt. Dwarka Prasad Mishra Indian Institute of Information Technology, Design & Manufacture Jabalpur","Electronics and Communication Engineering (4 Years, Bachelor of Technology)","AI","EWS","Female-only (including Supernumerary)","4948","4948"
"Pt. Dwarka Prasad Mishra Indian Institute of Information Technology, Design & Manufacture Jabalpur","Electronics and Communication Engineering (4 Years, Bachelor of Technology)","AI","EWS (PwD)","Gender-Neutral","269","269"
"Pt. Dwarka Prasad Mishra Indian Institute of Information Technology, Design & Manufacture Jabalpur","Electronics and Communication Engineering (4 Years, Bachelor of Technology)","AI","OBC-NCL","Gender-Neutral","5910","8438"
"Pt. Dwarka Prasad Mishra Indian Institute of Information Technology, Design & Manufacture Jabalpur","Electronics and Communication Engineering (4 Years, Bachelor of Technology)","AI","OBC-NCL","Female-only (including Supernumerary)","12428","15696"
"Pt. Dwarka Prasad Mishra Indian Institute of Information Technology, Design & Manufacture Jabalpur","Electronics and Communication Engineering (4 Years, Bachelor of Technology)","AI","OBC-NCL (PwD)","Gender-Neutral","854","854"
"Pt. Dwarka Prasad Mishra Indian Institute of Information Technology, Design & Manufacture Jabalpur","Electronics and Communication Engineering (4 Years, Bachelor of Technology)","AI","SC","Gender-Neutral","2875","5229"
"Pt. Dwarka Prasad Mishra Indian Institute of Information Technology, Design & Manufacture Jabalpur","Electronics and Communication Engineering (4 Years, Bachelor of Technology)","AI","SC","Female-only (including Supernumerary)","6705","7012"
"Pt. Dwarka Prasad Mishra Indian Institute of Information Technology, Design & Manufacture Jabalpur","Electronics and Communication Engineering (4 Years, Bachelor of Technology)","AI","ST","Gender-Neutral","2454","2997"
"Pt. Dwarka Prasad Mishra Indian Institute of Information Technology, Design & Manufacture Jabalpur","Electronics and Communication Engineering (4 Years, Bachelor of Technology)","AI","ST","Female-only (including Supernumerary)","2902","2902"
"Pt. Dwarka Prasad Mishra Indian Institute of Information Technology, Design & Manufacture Jabalpur","Mechanical Engineering (4 Years, Bachelor of Technology)","AI","OPEN","Gender-Neutral","27179","35762"
"Pt. Dwarka Prasad Mishra Indian Institute of Information Technology, Design & Manufacture Jabalpur","Mechanical Engineering (4 Years, Bachelor of Technology)","AI","OPEN","Female-only (including Supernumerary)","41326","44241"
"Pt. Dwarka Prasad Mishra Indian Institute of Information Technology, Design & Manufacture Jabalpur","Mechanical Engineering (4 Years, Bachelor of Technology)","AI","OPEN (PwD)","Gender-Neutral","1899","1899"
"Pt. Dwarka Prasad Mishra Indian Institute of Information Technology, Design & Manufacture Jabalpur","Mechanical Engineering (4 Years, Bachelor of Technology)","AI","EWS","Gender-Neutral","5903","6589"
"Pt. Dwarka Prasad Mishra Indian Institute of Information Technology, Design & Manufacture Jabalpur","Mechanical Engineering (4 Years, Bachelor of Technology)","AI","EWS","Female-only (including Supernumerary)","7948","7948"
"Pt. Dwarka Prasad Mishra Indian Institute of Information Technology, Design & Manufacture Jabalpur","Mechanical Engineering (4 Years, Bachelor of Technology)","AI","OBC-NCL","Gender-Neutral","9169","12471"
"Pt. Dwarka Prasad Mishra Indian Institute of Information Technology, Design & Manufacture Jabalpur","Mechanical Engineering (4 Years, Bachelor of Technology)","AI","OBC-NCL","Female-only (including Supernumerary)","18486","19540"
"Pt. Dwarka Prasad Mishra Indian Institute of Information Technology, Design & Manufacture Jabalpur","Mechanical Engineering (4 Years, Bachelor of Technology)","AI","OBC-NCL (PwD)","Gender-Neutral","859","859"
"Pt. Dwarka Prasad Mishra Indian Institute of Information Technology, Design & Manufacture Jabalpur","Mechanical Engineering (4 Years, Bachelor of Technology)","AI","SC","Gender-Neutral","5394","6320"
"Pt. Dwarka Prasad Mishra Indian Institute of Information Technology, Design & Manufacture Jabalpur","Mechanical Engineering (4 Years, Bachelor of Technology)","AI","SC","Female-only (including Supernumerary)","10153","10153"
"Pt. Dwarka Prasad Mishra Indian Institute of Information Technology, Design & Manufacture Jabalpur","Mechanical Engineering (4 Years, Bachelor of Technology)","AI","ST","Gender-Neutral","2266","3041"
"Pt. Dwarka Prasad Mishra Indian Institute of Information Technology, Design & Manufacture Jabalpur","Mechanical Engineering (4 Years, Bachelor of Technology)","AI","ST","Female-only (including Supernumerary)","5518","5518"
"Pt. Dwarka Prasad Mishra Indian Institute of Information Technology, Design & Manufacture Jabalpur","Smart Manufacturing (4 Years, Bachelor of Technology)","AI","OPEN","Gender-Neutral","36763","45516"
"Pt. Dwarka Prasad Mishra Indian Institute of Information Technology, Design & Manufacture Jabalpur","Smart Manufacturing (4 Years, Bachelor of Technology)","AI","OPEN","Female-only (including Supernumerary)","36271","42489"
"Pt. Dwarka Prasad Mishra Indian Institute of Information Technology, Design & Manufacture Jabalpur","Smart Manufacturing (4 Years, Bachelor of Technology)","AI","EWS","Gender-Neutral","7503","8221"
"Pt. Dwarka Prasad Mishra Indian Institute of Information Technology, Design & Manufacture Jabalpur","Smart Manufacturing (4 Years, Bachelor of Technology)","AI","EWS","Female-only (including Supernumerary)","8220","8220"
"Pt. Dwarka Prasad Mishra Indian Institute of Information Technology, Design & Manufacture Jabalpur","Smart Manufacturing (4 Years, Bachelor of Technology)","AI","OBC-NCL","Gender-Neutral","13076","16100"
"Pt. Dwarka Prasad Mishra Indian Institute of Information Technology, Design & Manufacture Jabalpur","Smart Manufacturing (4 Years, Bachelor of Technology)","AI","OBC-NCL","Female-only (including Supernumerary)","19657","20401"
"Pt. Dwarka Prasad Mishra Indian Institute of Information Technology, Design & Manufacture Jabalpur","Smart Manufacturing (4 Years, Bachelor of Technology)","AI","SC","Gender-Neutral","7922","9947"
"Pt. Dwarka Prasad Mishra Indian Institute of Information Technology, Design & Manufacture Jabalpur","Smart Manufacturing (4 Years, Bachelor of Technology)","AI","SC","Female-only (including Supernumerary)","11159","11159"
"Pt. Dwarka Prasad Mishra Indian Institute of Information Technology, Design & Manufacture Jabalpur","Smart Manufacturing (4 Years, Bachelor of Technology)","AI","ST","Gender-Neutral","3712","4159"
"Pt. Dwarka Prasad Mishra Indian Institute of Information Technology, Design & Manufacture Jabalpur","Smart Manufacturing (4 Years, Bachelor of Technology)","AI","ST","Female-only (including Supernumerary)","6131","6131"
"Indian Institute of Information Technology  Manipur","Computer Science and Engineering (4 Years, Bachelor of Technology)","AI","OPEN","Gender-Neutral","36557","41632"
"Indian Institute of Information Technology  Manipur","Computer Science and Engineering (4 Years, Bachelor of Technology)","AI","EWS","Gender-Neutral","6895","7026"
"Indian Institute of Information Technology  Manipur","Computer Science and Engineering (4 Years, Bachelor of Technology)","AI","OBC-NCL","Gender-Neutral","14047","15500"
"Indian Institute of Information Technology  Manipur","Computer Science and Engineering (4 Years, Bachelor of Technology)","AI","SC","Gender-Neutral","9103","9951"
"Indian Institute of Information Technology  Manipur","Computer Science and Engineering (4 Years, Bachelor of Technology)","AI","ST","Gender-Neutral","4696","5231"
"Indian Institute of Information Technology  Manipur","Electronics and Communication Engineering (4 Years, Bachelor of Technology)","AI","OPEN","Gender-Neutral","41913","45452"
"Indian Institute of Information Technology  Manipur","Electronics and Communication Engineering (4 Years, Bachelor of Technology)","AI","EWS","Gender-Neutral","7571","7916"
"Indian Institute of Information Technology  Manipur","Electronics and Communication Engineering (4 Years, Bachelor of Technology)","AI","OBC-NCL","Gender-Neutral","13420","16565"
"Indian Institute of Information Technology  Manipur","Electronics and Communication Engineering (4 Years, Bachelor of Technology)","AI","SC","Gender-Neutral","9624","10709"
"Indian Institute of Information Technology  Manipur","Electronics and Communication Engineering (4 Years, Bachelor of Technology)","AI","ST","Gender-Neutral","5524","6065"
"Indian Institute of Information Technology Srirangam, Tiruchirappalli","Computer Science and Engineering (4 Years, Bachelor of Technology)","AI","OPEN","Gender-Neutral","10294","21358"
"Indian Institute of Information Technology Srirangam, Tiruchirappalli","Computer Science and Engineering (4 Years, Bachelor of Technology)","AI","OPEN","Female-only (including Supernumerary)","16151","16151"
"Indian Institute of Information Technology Srirangam, Tiruchirappalli","Computer Science and Engineering (4 Years, Bachelor of Technology)","AI","OPEN (PwD)","Gender-Neutral","1105","1105"
"Indian Institute of Information Technology Srirangam, Tiruchirappalli","Computer Science and Engineering (4 Years, Bachelor of Technology)","AI","EWS","Gender-Neutral","3588","3976"
"Indian Institute of Information Technology Srirangam, Tiruchirappalli","Computer Science and Engineering (4 Years, Bachelor of Technology)","AI","OBC-NCL","Gender-Neutral","7337","9325"
"Indian Institute of Information Technology Srirangam, Tiruchirappalli","Computer Science and Engineering (4 Years, Bachelor of Technology)","AI","OBC-NCL","Female-only (including Supernumerary)","10335","10335"
"Indian Institute of Information Technology Srirangam, Tiruchirappalli","Computer Science and Engineering (4 Years, Bachelor of Technology)","AI","SC","Gender-Neutral","2043","6097"
"Indian Institute of Information Technology Srirangam, Tiruchirappalli","Computer Science and Engineering (4 Years, Bachelor of Technology)","AI","ST","Gender-Neutral","1179","2899"
"Indian Institute of Information Technology Srirangam, Tiruchirappalli","Computer Science and Engineering (4 Years, Bachelor of Technology)","AI","ST","Female-only (including Supernumerary)","2702","2702"
"Indian Institute of Information Technology Srirangam, Tiruchirappalli","Electronics and Communication Engineering (4 Years, Bachelor of Technology)","AI","OPEN","Gender-Neutral","27773","33355"
"Indian Institute of Information Technology Srirangam, Tiruchirappalli","Electronics and Communication Engineering (4 Years, Bachelor of Technology)","AI","OPEN","Female-only (including Supernumerary)","30469","33059"
"Indian Institute of Information Technology Srirangam, Tiruchirappalli","Electronics and Communication Engineering (4 Years, Bachelor of Technology)","AI","OPEN (PwD)","Gender-Neutral","1581","1713"
"Indian Institute of Information Technology Srirangam, Tiruchirappalli","Electronics and Communication Engineering (4 Years, Bachelor of Technology)","AI","EWS","Gender-Neutral","5636","5969"
"Indian Institute of Information Technology Srirangam, Tiruchirappalli","Electronics and Communication Engineering (4 Years, Bachelor of Technology)","AI","EWS","Female-only (including Supernumerary)","6248","6248"
"Indian Institute of Information Technology Srirangam, Tiruchirappalli","Electronics and Communication Engineering (4 Years, Bachelor of Technology)","AI","OBC-NCL","Gender-Neutral","11542","12900"
"Indian Institute of Information Technology Srirangam, Tiruchirappalli","Electronics and Communication Engineering (4 Years, Bachelor of Technology)","AI","OBC-NCL","Female-only (including Supernumerary)","14445","14445"
"Indian Institute of Information Technology Srirangam, Tiruchirappalli","Electronics and Communication Engineering (4 Years, Bachelor of Technology)","AI","SC","Gender-Neutral","5988","7072"
"Indian Institute of Information Technology Srirangam, Tiruchirappalli","Electronics and Communication Engineering (4 Years, Bachelor of Technology)","AI","SC","Female-only (including Supernumerary)","8518","8518"
"Indian Institute of Information Technology Srirangam, Tiruchirappalli","Electronics and Communication Engineering (4 Years, Bachelor of Technology)","AI","ST","Gender-Neutral","2681","3619"
"Indian Institute of Information Technology Lucknow","Computer Science (4 Years, Bachelor of Technology)","AI","OPEN","Gender-Neutral","8298","10613"
"Indian Institute of Information Technology Lucknow","Computer Science (4 Years, Bachelor of Technology)","AI","OPEN","Female-only (including Supernumerary)","3984","17844"
"Indian Institute of Information Technology Lucknow","Computer Science (4 Years, Bachelor of Technology)","AI","OPEN (PwD)","Gender-Neutral","378","378"
"Indian Institute of Information Technology Lucknow","Computer Science (4 Years, Bachelor of Technology)","AI","EWS","Gender-Neutral","1664","1902"
"Indian Institute of Information Technology Lucknow","Computer Science (4 Years, Bachelor of Technology)","AI","EWS","Female-only (including Supernumerary)","3584","3584"
"Indian Institute of Information Technology Lucknow","Computer Science (4 Years, Bachelor of Technology)","AI","OBC-NCL","Gender-Neutral","3383","4810"
"Indian Institute of Information Technology Lucknow","Computer Science (4 Years, Bachelor of Technology)","AI","OBC-NCL","Female-only (including Supernumerary)","9747","11646"
"Indian Institute of Information Technology Lucknow","Computer Science (4 Years, Bachelor of Technology)","AI","OBC-NCL (PwD)","Gender-Neutral","455","455"
"Indian Institute of Information Technology Lucknow","Computer Science (4 Years, Bachelor of Technology)","AI","SC","Gender-Neutral","1418","3457"
"Indian Institute of Information Technology Lucknow","Computer Science (4 Years, Bachelor of Technology)","AI","SC","Female-only (including Supernumerary)","4910","6123"
"Indian Institute of Information Technology Lucknow","Computer Science (4 Years, Bachelor of Technology)","AI","ST","Gender-Neutral","1692","2523"
"Indian Institute of Information Technology Lucknow","Computer Science (4 Years, Bachelor of Technology)","AI","ST","Female-only (including Supernumerary)","4116","4341"
"Indian Institute of Information Technology Lucknow","Computer Science and Artificial Intelligence (4 Years, Bachelor of Technology)","AI","OPEN","Gender-Neutral","6086","9826"
"Indian Institute of Information Technology Lucknow","Computer Science and Artificial Intelligence (4 Years, Bachelor of Technology)","AI","OPEN","Female-only (including Supernumerary)","16729","17276"
"Indian Institute of Information Technology Lucknow","Computer Science and Artificial Intelligence (4 Years, Bachelor of Technology)","AI","OPEN (PwD)","Gender-Neutral","608","673"
"Indian Institute of Information Technology Lucknow","Computer Science and Artificial Intelligence (4 Years, Bachelor of Technology)","AI","EWS","Gender-Neutral","1533","1737"
"Indian Institute of Information Technology Lucknow","Computer Science and Artificial Intelligence (4 Years, Bachelor of Technology)","AI","EWS","Female-only (including Supernumerary)","3897","4504"
"Indian Institute of Information Technology Lucknow","Computer Science and Artificial Intelligence (4 Years, Bachelor of Technology)","AI","EWS (PwD)","Gender-Neutral","238","238"
"Indian Institute of Information Technology Lucknow","Computer Science and Artificial Intelligence (4 Years, Bachelor of Technology)","AI","OBC-NCL","Gender-Neutral","3370","4666"
"Indian Institute of Information Technology Lucknow","Computer Science and Artificial Intelligence (4 Years, Bachelor of Technology)","AI","OBC-NCL","Female-only (including Supernumerary)","8455","11086"
"Indian Institute of Information Technology Lucknow","Computer Science and Artificial Intelligence (4 Years, Bachelor of Technology)","AI","OBC-NCL (PwD)","Gender-Neutral","307","307"
"Indian Institute of Information Technology Lucknow","Computer Science and Artificial Intelligence (4 Years, Bachelor of Technology)","AI","SC","Gender-Neutral","1821","3409"
"Indian Institute of Information Technology Lucknow","Computer Science and Artificial Intelligence (4 Years, Bachelor of Technology)","AI","SC","Female-only (including Supernumerary)","7343","7698"
"Indian Institute of Information Technology Lucknow","Computer Science and Artificial Intelligence (4 Years, Bachelor of Technology)","AI","ST","Gender-Neutral","1713","2279"
"Indian Institute of Information Technology Lucknow","Computer Science and Artificial Intelligence (4 Years, Bachelor of Technology)","AI","ST","Female-only (including Supernumerary)","4250","4250"
"Indian Institute of Information Technology Lucknow","Information Technology (4 Years, Bachelor of Technology)","AI","OPEN","Gender-Neutral","10318","11521"
"Indian Institute of Information Technology Lucknow","Information Technology (4 Years, Bachelor of Technology)","AI","OPEN","Female-only (including Supernumerary)","18171","21040"
"Indian Institute of Information Technology Lucknow","Information Technology (4 Years, Bachelor of Technology)","AI","OPEN (PwD)","Gender-Neutral","914","914"
"Indian Institute of Information Technology Lucknow","Information Technology (4 Years, Bachelor of Technology)","AI","OPEN (PwD)","Female-only (including Supernumerary)","2204","2204"
"Indian Institute of Information Technology Lucknow","Information Technology (4 Years, Bachelor of Technology)","AI","EWS","Gender-Neutral","1909","2039"
"Indian Institute of Information Technology Lucknow","Information Technology (4 Years, Bachelor of Technology)","AI","EWS","Female-only (including Supernumerary)","3626","4501"
"Indian Institute of Information Technology Lucknow","Information Technology (4 Years, Bachelor of Technology)","AI","OBC-NCL","Gender-Neutral","3936","5116"
"Indian Institute of Information Technology Lucknow","Information Technology (4 Years, Bachelor of Technology)","AI","OBC-NCL","Female-only (including Supernumerary)","11670","12223"
"Indian Institute of Information Technology Lucknow","Information Technology (4 Years, Bachelor of Technology)","AI","SC","Gender-Neutral","3559","4053"
"Indian Institute of Information Technology Lucknow","Information Technology (4 Years, Bachelor of Technology)","AI","SC","Female-only (including Supernumerary)","7877","9161"
"Indian Institute of Information Technology Lucknow","Information Technology (4 Years, Bachelor of Technology)","AI","ST","Gender-Neutral","2508","3177"
"Indian Institute of Information Technology Lucknow","Information Technology (4 Years, Bachelor of Technology)","AI","ST","Female-only (including Supernumerary)","4342","4342"
"Indian Institute of Information Technology(IIIT) Dharwad ","Computer Science and Engineering (4 Years, Bachelor of Technology)","AI","OPEN","Gender-Neutral","16874","34219"
"Indian Institute of Information Technology(IIIT) Dharwad ","Computer Science and Engineering (4 Years, Bachelor of Technology)","AI","OPEN (PwD)","Gender-Neutral","989","1453"
"Indian Institute of Information Technology(IIIT) Dharwad ","Computer Science and Engineering (4 Years, Bachelor of Technology)","AI","EWS","Gender-Neutral","5697","6540"
"Indian Institute of Information Technology(IIIT) Dharwad ","Computer Science and Engineering (4 Years, Bachelor of Technology)","AI","OBC-NCL","Gender-Neutral","8931","14055"
"Indian Institute of Information Technology(IIIT) Dharwad ","Computer Science and Engineering (4 Years, Bachelor of Technology)","AI","OBC-NCL (PwD)","Gender-Neutral","613","613"
"Indian Institute of Information Technology(IIIT) Dharwad ","Computer Science and Engineering (4 Years, Bachelor of Technology)","AI","SC","Gender-Neutral","4384","9297"
"Indian Institute of Information Technology(IIIT) Dharwad ","Computer Science and Engineering (4 Years, Bachelor of Technology)","AI","ST","Gender-Neutral","1509","4450"
"Indian Institute of Information Technology(IIIT) Dharwad ","Data Science and Artificial Intelligence (4 Years, Bachelor of Technology)","AI","OPEN","Gender-Neutral","20491","34218"
"Indian Institute of Information Technology(IIIT) Dharwad ","Data Science and Artificial Intelligence (4 Years, Bachelor of Technology)","AI","OPEN (PwD)","Gender-Neutral","2742","3315"
"Indian Institute of Information Technology(IIIT) Dharwad ","Data Science and Artificial Intelligence (4 Years, Bachelor of Technology)","AI","EWS","Gender-Neutral","5924","6255"
"Indian Institute of Information Technology(IIIT) Dharwad ","Data Science and Artificial Intelligence (4 Years, Bachelor of Technology)","AI","OBC-NCL","Gender-Neutral","10519","14558"
"Indian Institute of Information Technology(IIIT) Dharwad ","Data Science and Artificial Intelligence (4 Years, Bachelor of Technology)","AI","SC","Gender-Neutral","5737","9715"
"Indian Institute of Information Technology(IIIT) Dharwad ","Data Science and Artificial Intelligence (4 Years, Bachelor of Technology)","AI","ST","Gender-Neutral","3483","4542"
"Indian Institute of Information Technology(IIIT) Dharwad ","Electronics and Communication Engineering (4 Years, Bachelor of Technology)","AI","OPEN","Gender-Neutral","30885","39697"
"Indian Institute of Information Technology(IIIT) Dharwad ","Electronics and Communication Engineering (4 Years, Bachelor of Technology)","AI","EWS","Gender-Neutral","6567","7023"
"Indian Institute of Information Technology(IIIT) Dharwad ","Electronics and Communication Engineering (4 Years, Bachelor of Technology)","AI","OBC-NCL","Gender-Neutral","13281","15280"
"Indian Institute of Information Technology(IIIT) Dharwad ","Electronics and Communication Engineering (4 Years, Bachelor of Technology)","AI","SC","Gender-Neutral","6643","9921"
"Indian Institute of Information Technology(IIIT) Dharwad ","Electronics and Communication Engineering (4 Years, Bachelor of Technology)","AI","ST","Gender-Neutral","2829","4961"
"Indian Institute of Information Technology Design & Manufacturing Kurnool, Andhra Pradesh","Artificial Intelligence and Data Science (4 Years, Bachelor of Technology)","AI","OPEN","Gender-Neutral","15825","31799"
"Indian Institute of Information Technology Design & Manufacturing Kurnool, Andhra Pradesh","Artificial Intelligence and Data Science (4 Years, Bachelor of Technology)","AI","OPEN (PwD)","Gender-Neutral","1216","1216"
"Indian Institute of Information Technology Design & Manufacturing Kurnool, Andhra Pradesh","Artificial Intelligence and Data Science (4 Years, Bachelor of Technology)","AI","EWS","Gender-Neutral","6042","6207"
"Indian Institute of Information Technology Design & Manufacturing Kurnool, Andhra Pradesh","Artificial Intelligence and Data Science (4 Years, Bachelor of Technology)","AI","OBC-NCL","Gender-Neutral","8265","13083"
"Indian Institute of Information Technology Design & Manufacturing Kurnool, Andhra Pradesh","Artificial Intelligence and Data Science (4 Years, Bachelor of Technology)","AI","SC","Gender-Neutral","4716","6618"
"Indian Institute of Information Technology Design & Manufacturing Kurnool, Andhra Pradesh","Artificial Intelligence and Data Science (4 Years, Bachelor of Technology)","AI","ST","Gender-Neutral","2280","2867"
"Indian Institute of Information Technology Design & Manufacturing Kurnool, Andhra Pradesh","Computer Science and Engineering (4 Years, Bachelor of Technology)","AI","OPEN","Gender-Neutral","24152","32039"
"Indian Institute of Information Technology Design & Manufacturing Kurnool, Andhra Pradesh","Computer Science and Engineering (4 Years, Bachelor of Technology)","AI","OPEN (PwD)","Gender-Neutral","1393","1393"
"Indian Institute of Information Technology Design & Manufacturing Kurnool, Andhra Pradesh","Computer Science and Engineering (4 Years, Bachelor of Technology)","AI","EWS","Gender-Neutral","5455","6010"
"Indian Institute of Information Technology Design & Manufacturing Kurnool, Andhra Pradesh","Computer Science and Engineering (4 Years, Bachelor of Technology)","AI","EWS (PwD)","Gender-Neutral","237","237"
"Indian Institute of Information Technology Design & Manufacturing Kurnool, Andhra Pradesh","Computer Science and Engineering (4 Years, Bachelor of Technology)","AI","OBC-NCL","Gender-Neutral","8442","12774"
"Indian Institute of Information Technology Design & Manufacturing Kurnool, Andhra Pradesh","Computer Science and Engineering (4 Years, Bachelor of Technology)","AI","SC","Gender-Neutral","2919","5957"
"Indian Institute of Information Technology Design & Manufacturing Kurnool, Andhra Pradesh","Computer Science and Engineering (4 Years, Bachelor of Technology)","AI","ST","Gender-Neutral","1398","3081"
"Indian Institute of Information Technology Design & Manufacturing Kurnool, Andhra Pradesh","Electronics and Communication Engineering with specialization in Design and Manufacturing (4 Years, Bachelor of Technology)","AI","OPEN","Gender-Neutral","27557","40410"
"Indian Institute of Information Technology Design & Manufacturing Kurnool, Andhra Pradesh","Electronics and Communication Engineering with specialization in Design and Manufacturing (4 Years, Bachelor of Technology)","AI","OPEN (PwD)","Gender-Neutral","1517","1517"
"Indian Institute of Information Technology Design & Manufacturing Kurnool, Andhra Pradesh","Electronics and Communication Engineering with specialization in Design and Manufacturing (4 Years, Bachelor of Technology)","AI","EWS","Gender-Neutral","6808","7151"
"Indian Institute of Information Technology Design & Manufacturing Kurnool, Andhra Pradesh","Electronics and Communication Engineering with specialization in Design and Manufacturing (4 Years, Bachelor of Technology)","AI","OBC-NCL","Gender-Neutral","11717","14237"
"Indian Institute of Information Technology Design & Manufacturing Kurnool, Andhra Pradesh","Electronics and Communication Engineering with specialization in Design and Manufacturing (4 Years, Bachelor of Technology)","AI","OBC-NCL (PwD)","Gender-Neutral","667","667"
"Indian Institute of Information Technology Design & Manufacturing Kurnool, Andhra Pradesh","Electronics and Communication Engineering with specialization in Design and Manufacturing (4 Years, Bachelor of Technology)","AI","SC","Gender-Neutral","4367","7292"
"Indian Institute of Information Technology Design & Manufacturing Kurnool, Andhra Pradesh","Electronics and Communication Engineering with specialization in Design and Manufacturing (4 Years, Bachelor of Technology)","AI","ST","Gender-Neutral","1724","3725"
"Indian Institute of Information Technology Design & Manufacturing Kurnool, Andhra Pradesh","Mechanical Engineering with specialization in Design and Manufacturing (4 Years, Bachelor of Technology)","AI","OPEN","Gender-Neutral","39631","46542"
"Indian Institute of Information Technology Design & Manufacturing Kurnool, Andhra Pradesh","Mechanical Engineering with specialization in Design and Manufacturing (4 Years, Bachelor of Technology)","AI","OPEN (PwD)","Gender-Neutral","2098","2098"
"Indian Institute of Information Technology Design & Manufacturing Kurnool, Andhra Pradesh","Mechanical Engineering with specialization in Design and Manufacturing (4 Years, Bachelor of Technology)","AI","EWS","Gender-Neutral","7999","8153"
"Indian Institute of Information Technology Design & Manufacturing Kurnool, Andhra Pradesh","Mechanical Engineering with specialization in Design and Manufacturing (4 Years, Bachelor of Technology)","AI","OBC-NCL","Gender-Neutral","13109","15083"
"Indian Institute of Information Technology Design & Manufacturing Kurnool, Andhra Pradesh","Mechanical Engineering with specialization in Design and Manufacturing (4 Years, Bachelor of Technology)","AI","OBC-NCL (PwD)","Gender-Neutral","1003","1003"
"Indian Institute of Information Technology Design & Manufacturing Kurnool, Andhra Pradesh","Mechanical Engineering with specialization in Design and Manufacturing (4 Years, Bachelor of Technology)","AI","SC","Gender-Neutral","6873","8993"
"Indian Institute of Information Technology Design & Manufacturing Kurnool, Andhra Pradesh","Mechanical Engineering with specialization in Design and Manufacturing (4 Years, Bachelor of Technology)","AI","ST","Gender-Neutral","3131","3850"
"Indian Institute of Information Technology(IIIT) Kottayam","Computer Science and Engineering (4 Years, Bachelor of Technology)","AI","OPEN","Gender-Neutral","18398","35429"
"Indian Institute of Information Technology(IIIT) Kottayam","Computer Science and Engineering (4 Years, Bachelor of Technology)","AI","OPEN","Female-only (including Supernumerary)","23504","34017"
"Indian Institute of Information Technology(IIIT) Kottayam","Computer Science and Engineering (4 Years, Bachelor of Technology)","AI","OPEN (PwD)","Gender-Neutral","1292","1662"
"Indian Institute of Information Technology(IIIT) Kottayam","Computer Science and Engineering (4 Years, Bachelor of Technology)","AI","EWS","Gender-Neutral","5838","6635"
"Indian Institute of Information Technology(IIIT) Kottayam","Computer Science and Engineering (4 Years, Bachelor of Technology)","AI","OBC-NCL","Gender-Neutral","8957","14151"
"Indian Institute of Information Technology(IIIT) Kottayam","Computer Science and Engineering (4 Years, Bachelor of Technology)","AI","OBC-NCL","Female-only (including Supernumerary)","14087","15295"
"Indian Institute of Information Technology(IIIT) Kottayam","Computer Science and Engineering (4 Years, Bachelor of Technology)","AI","SC","Gender-Neutral","5217","9971"
"Indian Institute of Information Technology(IIIT) Kottayam","Computer Science and Engineering (4 Years, Bachelor of Technology)","AI","SC","Female-only (including Supernumerary)","8168","8646"
"Indian Institute of Information Technology(IIIT) Kottayam","Computer Science and Engineering (4 Years, Bachelor of Technology)","AI","ST","Gender-Neutral","3070","5319"
"Indian Institute of Information Technology(IIIT) Kottayam","Computer Science and Engineering (4 Years, Bachelor of Technology)","AI","ST","Female-only (including Supernumerary)","5423","5423"
"Indian Institute of Information Technology(IIIT) Kottayam","Electronics and Communication Engineering (4 Years, Bachelor of Technology)","AI","OPEN","Gender-Neutral","34818","41058"
"Indian Institute of Information Technology(IIIT) Kottayam","Electronics and Communication Engineering (4 Years, Bachelor of Technology)","AI","OPEN","Female-only (including Supernumerary)","37514","40097"
"Indian Institute of Information Technology(IIIT) Kottayam","Electronics and Communication Engineering (4 Years, Bachelor of Technology)","AI","EWS","Gender-Neutral","6858","7038"
"Indian Institute of Information Technology(IIIT) Kottayam","Electronics and Communication Engineering (4 Years, Bachelor of Technology)","AI","OBC-NCL","Gender-Neutral","14095","14871"
"Indian Institute of Information Technology(IIIT) Kottayam","Electronics and Communication Engineering (4 Years, Bachelor of Technology)","AI","OBC-NCL","Female-only (including Supernumerary)","11102","11102"
"Indian Institute of Information Technology(IIIT) Kottayam","Electronics and Communication Engineering (4 Years, Bachelor of Technology)","AI","SC","Gender-Neutral","6950","10242"
"Indian Institute of Information Technology(IIIT) Kottayam","Electronics and Communication Engineering (4 Years, Bachelor of Technology)","AI","SC","Female-only (including Supernumerary)","10799","10799"
"Indian Institute of Information Technology(IIIT) Kottayam","Electronics and Communication Engineering (4 Years, Bachelor of Technology)","AI","ST","Gender-Neutral","4721","5511"
"Indian Institute of Information Technology (IIIT) Ranchi","Computer Science and Engineering (4 Years, Bachelor of Technology)","AI","OPEN","Gender-Neutral","22796","32673"
"Indian Institute of Information Technology (IIIT) Ranchi","Computer Science and Engineering (4 Years, Bachelor of Technology)","AI","OPEN (PwD)","Gender-Neutral","1012","1012"
"Indian Institute of Information Technology (IIIT) Ranchi","Computer Science and Engineering (4 Years, Bachelor of Technology)","AI","EWS","Gender-Neutral","5380","6033"
"Indian Institute of Information Technology (IIIT) Ranchi","Computer Science and Engineering (4 Years, Bachelor of Technology)","AI","OBC-NCL","Gender-Neutral","8340","12876"
"Indian Institute of Information Technology (IIIT) Ranchi","Computer Science and Engineering (4 Years, Bachelor of Technology)","AI","OBC-NCL (PwD)","Gender-Neutral","894","894"
"Indian Institute of Information Technology (IIIT) Ranchi","Computer Science and Engineering (4 Years, Bachelor of Technology)","AI","SC","Gender-Neutral","7705","9565"
"Indian Institute of Information Technology (IIIT) Ranchi","Computer Science and Engineering (4 Years, Bachelor of Technology)","AI","ST","Gender-Neutral","3941","5010"
"Indian Institute of Information Technology (IIIT) Ranchi","Electronics and Communication Engineering (4 Years, Bachelor of Technology)","AI","OPEN","Gender-Neutral","33891","40209"
"Indian Institute of Information Technology (IIIT) Ranchi","Electronics and Communication Engineering (4 Years, Bachelor of Technology)","AI","OPEN (PwD)","Gender-Neutral","2470","2470"
"Indian Institute of Information Technology (IIIT) Ranchi","Electronics and Communication Engineering (4 Years, Bachelor of Technology)","AI","EWS","Gender-Neutral","6746","7028"
"Indian Institute of Information Technology (IIIT) Ranchi","Electronics and Communication Engineering (4 Years, Bachelor of Technology)","AI","OBC-NCL","Gender-Neutral","12721","15577"
"Indian Institute of Information Technology (IIIT) Ranchi","Electronics and Communication Engineering (4 Years, Bachelor of Technology)","AI","SC","Gender-Neutral","8967","10559"
"Indian Institute of Information Technology (IIIT) Ranchi","Electronics and Communication Engineering (4 Years, Bachelor of Technology)","AI","ST","Gender-Neutral","5693","5882"
"Indian Institute of Information Technology (IIIT) Nagpur","Computer Science and Engineering (4 Years, Bachelor of Technology)","AI","OPEN","Gender-Neutral","13640","29713"
"Indian Institute of Information Technology (IIIT) Nagpur","Computer Science and Engineering (4 Years, Bachelor of Technology)","AI","OPEN","Female-only (including Supernumerary)","23825","31673"
"Indian Institute of Information Technology (IIIT) Nagpur","Computer Science and Engineering (4 Years, Bachelor of Technology)","AI","OPEN (PwD)","Gender-Neutral","1374","1614"
"Indian Institute of Information Technology (IIIT) Nagpur","Computer Science and Engineering (4 Years, Bachelor of Technology)","AI","OPEN (PwD)","Female-only (including Supernumerary)","2617","2617"
"Indian Institute of Information Technology (IIIT) Nagpur","Computer Science and Engineering (4 Years, Bachelor of Technology)","AI","EWS","Gender-Neutral","5004","5273"
"Indian Institute of Information Technology (IIIT) Nagpur","Computer Science and Engineering (4 Years, Bachelor of Technology)","AI","EWS","Female-only (including Supernumerary)","5706","5878"
"Indian Institute of Information Technology (IIIT) Nagpur","Computer Science and Engineering (4 Years, Bachelor of Technology)","AI","OBC-NCL","Gender-Neutral","8094","11404"
"Indian Institute of Information Technology (IIIT) Nagpur","Computer Science and Engineering (4 Years, Bachelor of Technology)","AI","OBC-NCL","Female-only (including Supernumerary)","11298","14649"
"Indian Institute of Information Technology (IIIT) Nagpur","Computer Science and Engineering (4 Years, Bachelor of Technology)","AI","OBC-NCL (PwD)","Gender-Neutral","1081","1081"
"Indian Institute of Information Technology (IIIT) Nagpur","Computer Science and Engineering (4 Years, Bachelor of Technology)","AI","SC","Gender-Neutral","1992","8246"
"Indian Institute of Information Technology (IIIT) Nagpur","Computer Science and Engineering (4 Years, Bachelor of Technology)","AI","SC","Female-only (including Supernumerary)","3517","7416"
"Indian Institute of Information Technology (IIIT) Nagpur","Computer Science and Engineering (4 Years, Bachelor of Technology)","AI","SC (PwD)","Gender-Neutral","145","145"
"Indian Institute of Information Technology (IIIT) Nagpur","Computer Science and Engineering (4 Years, Bachelor of Technology)","AI","ST","Gender-Neutral","2958","4933"
"Indian Institute of Information Technology (IIIT) Nagpur","Computer Science and Engineering (4 Years, Bachelor of Technology)","AI","ST","Female-only (including Supernumerary)","3581","4791"
"Indian Institute of Information Technology (IIIT) Nagpur","Electronics and Communication Engineering (4 Years, Bachelor of Technology)","AI","OPEN","Gender-Neutral","20606","38022"
"Indian Institute of Information Technology (IIIT) Nagpur","Electronics and Communication Engineering (4 Years, Bachelor of Technology)","AI","OPEN","Female-only (including Supernumerary)","32337","38430"
"Indian Institute of Information Technology (IIIT) Nagpur","Electronics and Communication Engineering (4 Years, Bachelor of Technology)","AI","OPEN (PwD)","Gender-Neutral","2485","2714"
"Indian Institute of Information Technology (IIIT) Nagpur","Electronics and Communication Engineering (4 Years, Bachelor of Technology)","AI","EWS","Gender-Neutral","6294","6705"
"Indian Institute of Information Technology (IIIT) Nagpur","Electronics and Communication Engineering (4 Years, Bachelor of Technology)","AI","EWS","Female-only (including Supernumerary)","6642","6642"
"Indian Institute of Information Technology (IIIT) Nagpur","Electronics and Communication Engineering (4 Years, Bachelor of Technology)","AI","OBC-NCL","Gender-Neutral","12508","14852"
"Indian Institute of Information Technology (IIIT) Nagpur","Electronics and Communication Engineering (4 Years, Bachelor of Technology)","AI","OBC-NCL","Female-only (including Supernumerary)","14666","16577"
"Indian Institute of Information Technology (IIIT) Nagpur","Electronics and Communication Engineering (4 Years, Bachelor of Technology)","AI","SC","Gender-Neutral","6220","9884"
"Indian Institute of Information Technology (IIIT) Nagpur","Electronics and Communication Engineering (4 Years, Bachelor of Technology)","AI","SC","Female-only (including Supernumerary)","9600","9704"
"Indian Institute of Information Technology (IIIT) Nagpur","Electronics and Communication Engineering (4 Years, Bachelor of Technology)","AI","ST","Gender-Neutral","5045","5716"
"Indian Institute of Information Technology (IIIT) Nagpur","Electronics and Communication Engineering (4 Years, Bachelor of Technology)","AI","ST","Female-only (including Supernumerary)","5197","5197"
"Indian Institute of Information Technology (IIIT) Pune","Computer Science and Engineering (4 Years, Bachelor of Technology)","AI","OPEN","Gender-Neutral","9329","20999"
"Indian Institute of Information Technology (IIIT) Pune","Computer Science and Engineering (4 Years, Bachelor of Technology)","AI","OPEN (PwD)","Gender-Neutral","680","1533"
"Indian Institute of Information Technology (IIIT) Pune","Computer Science and Engineering (4 Years, Bachelor of Technology)","AI","EWS","Gender-Neutral","3421","4275"
"Indian Institute of Information Technology (IIIT) Pune","Computer Science and Engineering (4 Years, Bachelor of Technology)","AI","OBC-NCL","Gender-Neutral","4884","8936"
"Indian Institute of Information Technology (IIIT) Pune","Computer Science and Engineering (4 Years, Bachelor of Technology)","AI","OBC-NCL (PwD)","Gender-Neutral","1034","1058"
"Indian Institute of Information Technology (IIIT) Pune","Computer Science and Engineering (4 Years, Bachelor of Technology)","AI","SC","Gender-Neutral","2207","6297"
"Indian Institute of Information Technology (IIIT) Pune","Computer Science and Engineering (4 Years, Bachelor of Technology)","AI","ST","Gender-Neutral","1781","3520"
"Indian Institute of Information Technology (IIIT) Pune","Electronics and Communication Engineering (4 Years, Bachelor of Technology)","AI","OPEN","Gender-Neutral","21452","25897"
"Indian Institute of Information Technology (IIIT) Pune","Electronics and Communication Engineering (4 Years, Bachelor of Technology)","AI","OPEN (PwD)","Gender-Neutral","2107","2107"
"Indian Institute of Information Technology (IIIT) Pune","Electronics and Communication Engineering (4 Years, Bachelor of Technology)","AI","EWS","Gender-Neutral","4371","5508"
"Indian Institute of Information Technology (IIIT) Pune","Electronics and Communication Engineering (4 Years, Bachelor of Technology)","AI","OBC-NCL","Gender-Neutral","9207","11942"
"Indian Institute of Information Technology (IIIT) Pune","Electronics and Communication Engineering (4 Years, Bachelor of Technology)","AI","SC","Gender-Neutral","7211","9117"
"Indian Institute of Information Technology (IIIT) Pune","Electronics and Communication Engineering (4 Years, Bachelor of Technology)","AI","ST","Gender-Neutral","3383","4413"
"Indian Institute of Information Technology Bhagalpur","Computer Science and Engineering (4 Years, Bachelor of Technology)","AI","OPEN","Gender-Neutral","31396","39089"
"Indian Institute of Information Technology Bhagalpur","Computer Science and Engineering (4 Years, Bachelor of Technology)","AI","OPEN (PwD)","Gender-Neutral","1761","1788"
"Indian Institute of Information Technology Bhagalpur","Computer Science and Engineering (4 Years, Bachelor of Technology)","AI","EWS","Gender-Neutral","6566","6753"
"Indian Institute of Information Technology Bhagalpur","Computer Science and Engineering (4 Years, Bachelor of Technology)","AI","OBC-NCL","Gender-Neutral","12058","15168"
"Indian Institute of Information Technology Bhagalpur","Computer Science and Engineering (4 Years, Bachelor of Technology)","AI","SC","Gender-Neutral","7240","10231"
"Indian Institute of Information Technology Bhagalpur","Computer Science and Engineering (4 Years, Bachelor of Technology)","AI","ST","Gender-Neutral","4197","5493"
"Indian Institute of Information Technology Bhagalpur","Electronics and Communication Engineering (4 Years, Bachelor of Technology)","AI","OPEN","Gender-Neutral","40335","44226"
"Indian Institute of Information Technology Bhagalpur","Electronics and Communication Engineering (4 Years, Bachelor of Technology)","AI","EWS","Gender-Neutral","7361","7645"
"Indian Institute of Information Technology Bhagalpur","Electronics and Communication Engineering (4 Years, Bachelor of Technology)","AI","OBC-NCL","Gender-Neutral","15118","16233"
"Indian Institute of Information Technology Bhagalpur","Electronics and Communication Engineering (4 Years, Bachelor of Technology)","AI","SC","Gender-Neutral","10057","10973"
"Indian Institute of Information Technology Bhagalpur","Electronics and Communication Engineering (4 Years, Bachelor of Technology)","AI","ST","Gender-Neutral","5704","5972"
"Indian Institute of Information Technology Bhagalpur","Mechatronics Engineering (4 Years, Bachelor of Technology)","AI","OPEN","Gender-Neutral","33909","46587"
"Indian Institute of Information Technology Bhagalpur","Mechatronics Engineering (4 Years, Bachelor of Technology)","AI","EWS","Gender-Neutral","7664","8351"
"Indian Institute of Information Technology Bhagalpur","Mechatronics Engineering (4 Years, Bachelor of Technology)","AI","OBC-NCL","Gender-Neutral","15614","16682"
"Indian Institute of Information Technology Bhagalpur","Mechatronics Engineering (4 Years, Bachelor of Technology)","AI","SC","Gender-Neutral","9116","11133"
"Indian Institute of Information Technology Bhagalpur","Mechatronics Engineering (4 Years, Bachelor of Technology)","AI","ST","Gender-Neutral","5267","5993"
"Indian Institute of Information Technology Bhopal","Computer Science and Engineering (4 Years, Bachelor of Technology)","AI","OPEN","Gender-Neutral","12129","28443"
"Indian Institute of Information Technology Bhopal","Computer Science and Engineering (4 Years, Bachelor of Technology)","AI","OPEN (PwD)","Gender-Neutral","1466","1466"
"Indian Institute of Information Technology Bhopal","Computer Science and Engineering (4 Years, Bachelor of Technology)","AI","EWS","Gender-Neutral","4662","5713"
"Indian Institute of Information Technology Bhopal","Computer Science and Engineering (4 Years, Bachelor of Technology)","AI","EWS (PwD)","Gender-Neutral","210","210"
"Indian Institute of Information Technology Bhopal","Computer Science and Engineering (4 Years, Bachelor of Technology)","AI","OBC-NCL","Gender-Neutral","9740","13118"
"Indian Institute of Information Technology Bhopal","Computer Science and Engineering (4 Years, Bachelor of Technology)","AI","OBC-NCL (PwD)","Gender-Neutral","1049","1049"
"Indian Institute of Information Technology Bhopal","Computer Science and Engineering (4 Years, Bachelor of Technology)","AI","SC","Gender-Neutral","5710","7799"
"Indian Institute of Information Technology Bhopal","Computer Science and Engineering (4 Years, Bachelor of Technology)","AI","ST","Gender-Neutral","2156","3900"
"Indian Institute of Information Technology Bhopal","Electronics and Communication Engineering (4 Years, Bachelor of Technology)","AI","OPEN","Gender-Neutral","29190","37310"
"Indian Institute of Information Technology Bhopal","Electronics and Communication Engineering (4 Years, Bachelor of Technology)","AI","OPEN (PwD)","Gender-Neutral","2588","2588"
"Indian Institute of Information Technology Bhopal","Electronics and Communication Engineering (4 Years, Bachelor of Technology)","AI","EWS","Gender-Neutral","6392","6854"
"Indian Institute of Information Technology Bhopal","Electronics and Communication Engineering (4 Years, Bachelor of Technology)","AI","OBC-NCL","Gender-Neutral","14589","15501"
"Indian Institute of Information Technology Bhopal","Electronics and Communication Engineering (4 Years, Bachelor of Technology)","AI","OBC-NCL (PwD)","Gender-Neutral","1198","1198"
"Indian Institute of Information Technology Bhopal","Electronics and Communication Engineering (4 Years, Bachelor of Technology)","AI","SC","Gender-Neutral","7980","10513"
"Indian Institute of Information Technology Bhopal","Electronics and Communication Engineering (4 Years, Bachelor of Technology)","AI","ST","Gender-Neutral","5025","5641"
"Indian Institute of Information Technology Bhopal","Information Technology (4 Years, Bachelor of Technology)","AI","OPEN","Gender-Neutral","27020","33254"
"Indian Institute of Information Technology Bhopal","Information Technology (4 Years, Bachelor of Technology)","AI","OPEN (PwD)","Gender-Neutral","1981","1981"
"Indian Institute of Information Technology Bhopal","Information Technology (4 Years, Bachelor of Technology)","AI","EWS","Gender-Neutral","5497","5805"
"Indian Institute of Information Technology Bhopal","Information Technology (4 Years, Bachelor of Technology)","AI","OBC-NCL","Gender-Neutral","11375","14417"
"Indian Institute of Information Technology Bhopal","Information Technology (4 Years, Bachelor of Technology)","AI","SC","Gender-Neutral","5012","10161"
"Indian Institute of Information Technology Bhopal","Information Technology (4 Years, Bachelor of Technology)","AI","ST","Gender-Neutral","4331","5584"
"Indian Institute of Information Technology Surat","Computer Science and Engineering (4 Years, Bachelor of Technology)","AI","OPEN","Gender-Neutral","10770","22325"
"Indian Institute of Information Technology Surat","Computer Science and Engineering (4 Years, Bachelor of Technology)","AI","OPEN (PwD)","Gender-Neutral","1464","1464"
"Indian Institute of Information Technology Surat","Computer Science and Engineering (4 Years, Bachelor of Technology)","AI","EWS","Gender-Neutral","3581","4383"
"Indian Institute of Information Technology Surat","Computer Science and Engineering (4 Years, Bachelor of Technology)","AI","EWS (PwD)","Gender-Neutral","180","180"
"Indian Institute of Information Technology Surat","Computer Science and Engineering (4 Years, Bachelor of Technology)","AI","OBC-NCL","Gender-Neutral","6094","10042"
"Indian Institute of Information Technology Surat","Computer Science and Engineering (4 Years, Bachelor of Technology)","AI","SC","Gender-Neutral","2335","7665"
"Indian Institute of Information Technology Surat","Computer Science and Engineering (4 Years, Bachelor of Technology)","AI","ST","Gender-Neutral","1172","3218"
"Indian Institute of Information Technology Surat","Electronics and Communication Engineering (4 Years, Bachelor of Technology)","AI","OPEN","Gender-Neutral","22785","31143"
"Indian Institute of Information Technology Surat","Electronics and Communication Engineering (4 Years, Bachelor of Technology)","AI","OPEN (PwD)","Gender-Neutral","1561","2256"
"Indian Institute of Information Technology Surat","Electronics and Communication Engineering (4 Years, Bachelor of Technology)","AI","EWS","Gender-Neutral","5231","6056"
"Indian Institute of Information Technology Surat","Electronics and Communication Engineering (4 Years, Bachelor of Technology)","AI","OBC-NCL","Gender-Neutral","9101","13564"
"Indian Institute of Information Technology Surat","Electronics and Communication Engineering (4 Years, Bachelor of Technology)","AI","SC","Gender-Neutral","7666","9867"
"Indian Institute of Information Technology Surat","Electronics and Communication Engineering (4 Years, Bachelor of Technology)","AI","ST","Gender-Neutral","4053","4749"
"Indian Institute of Information Technology, Agartala","Computer Science and Engineering (4 Years, Bachelor of Technology)","AI","OPEN","Gender-Neutral","19979","39147"
"Indian Institute of Information Technology, Agartala","Computer Science and Engineering (4 Years, Bachelor of Technology)","AI","EWS","Gender-Neutral","6639","7001"
"Indian Institute of Information Technology, Agartala","Computer Science and Engineering (4 Years, Bachelor of Technology)","AI","OBC-NCL","Gender-Neutral","13033","14775"
"Indian Institute of Information Technology, Agartala","Computer Science and Engineering (4 Years, Bachelor of Technology)","AI","SC","Gender-Neutral","5479","10226"
"Indian Institute of Information Technology, Agartala","Computer Science and Engineering (4 Years, Bachelor of Technology)","AI","ST","Gender-Neutral","4042","5360"
"Indian institute of information technology, Raichur, Karnataka","Computer Science and Engineering (4 Years, Bachelor of Technology)","AI","OPEN","Gender-Neutral","18429","23511"
"Indian institute of information technology, Raichur, Karnataka","Computer Science and Engineering (4 Years, Bachelor of Technology)","AI","OPEN","Female-only (including Supernumerary)","25401","28753"
"Indian institute of information technology, Raichur, Karnataka","Computer Science and Engineering (4 Years, Bachelor of Technology)","AI","EWS","Gender-Neutral","4278","4671"
"Indian institute of information technology, Raichur, Karnataka","Computer Science and Engineering (4 Years, Bachelor of Technology)","AI","OBC-NCL","Gender-Neutral","6950","10030"
"Indian institute of information technology, Raichur, Karnataka","Computer Science and Engineering (4 Years, Bachelor of Technology)","AI","OBC-NCL","Female-only (including Supernumerary)","15318","15435"
"Indian institute of information technology, Raichur, Karnataka","Computer Science and Engineering (4 Years, Bachelor of Technology)","AI","SC","Gender-Neutral","3009","6300"
"Indian institute of information technology, Raichur, Karnataka","Computer Science and Engineering (4 Years, Bachelor of Technology)","AI","SC","Female-only (including Supernumerary)","9795","9795"
"Indian institute of information technology, Raichur, Karnataka","Computer Science and Engineering (4 Years, Bachelor of Technology)","AI","ST","Gender-Neutral","1681","1681"
"Indian institute of information technology, Raichur, Karnataka","Computer Science and Engineering (4 Years, Bachelor of Technology)","AI","ST (PwD)","Gender-Neutral","34","34"
"Indian Institute of Information Technology, Vadodara International Campus Diu (IIITVICD)","Computer Science and Engineering (4 Years, Bachelor of Technology)","AI","OPEN","Gender-Neutral","17823","30298"
"Indian Institute of Information Technology, Vadodara International Campus Diu (IIITVICD)","Computer Science and Engineering (4 Years, Bachelor of Technology)","AI","OPEN (PwD)","Gender-Neutral","2200","2258"
"Indian Institute of Information Technology, Vadodara International Campus Diu (IIITVICD)","Computer Science and Engineering (4 Years, Bachelor of Technology)","AI","EWS","Gender-Neutral","4974","5888"
"Indian Institute of Information Technology, Vadodara International Campus Diu (IIITVICD)","Computer Science and Engineering (4 Years, Bachelor of Technology)","AI","OBC-NCL","Gender-Neutral","7711","12241"
"Indian Institute of Information Technology, Vadodara International Campus Diu (IIITVICD)","Computer Science and Engineering (4 Years, Bachelor of Technology)","AI","OBC-NCL (PwD)","Gender-Neutral","1211","1211"
"Indian Institute of Information Technology, Vadodara International Campus Diu (IIITVICD)","Computer Science and Engineering (4 Years, Bachelor of Technology)","AI","SC","Gender-Neutral","5524","10040"
"Indian Institute of Information Technology, Vadodara International Campus Diu (IIITVICD)","Computer Science and Engineering (4 Years, Bachelor of Technology)","AI","ST","Gender-Neutral","3202","4793"
"","","","","","",""
